{
    "R": [0,0,0, 0,0,0, 0,0,0 ],
    "T": [0,0,0],
    "distortion": [
        -0.05686041506059033,
        0.07653066826684249,
        0.0,
        0.0,
        0.0
    ],
    "intrinsic": [
        1050.3348563246632,
        0.0,
        658.4960244061841,
        0.0,
        1050.1161432469162,
        545.9962574038747,
        0.0,
        0.0,
        1.0
    ],
    "resolution": [1024, 1280]
}