{
    "R": [0,0,0, 0,0,0, 0,0,0 ],
    "T": [0,0,0],
    "distortion": [
        -0.06142421004146483,
        0.10810279551478877,
        0.0,
        0.0,
        0.0
    ],
    "intrinsic": [
        1048.6646015737306,
        0.0,
        662.3784853094469,
        0.0,
        1048.9087084020825,
        519.3280786365306,
        0.0,
        0.0,
        1.0
    ],
    "resolution": [1024, 1280]
}