{
    "R": [
        0.9913163356448781,
        0.005762238589978959,
        -0.13137244494201833,
        -0.0058459417883694464,
        0.9999828807144723,
        -0.0002514807993638874,
        0.13136874684725613,
        0.001017292690237263,
        0.9913330507288476
    ],
    "T": [
        64.7574003646863,
        -78.45075069358745,
        49.19391338858436
    ],
    "distortion": [
        0.0,
        0.0,
        0.0,
        0.0,
        0.0
    ],
    "intrinsic": [
        972.4172874285894,
        0.0,
        628.0628250033749,
        0.0,
        969.8510737416493,
        727.7636842407722,
        0.0,
        0.0,
        1.0
    ],
    "resolution": [720, 1280]
}