{
    "R": [
        0.967324176465728,
        0.006303005239074311,
        0.2534644151549824,
        0.002383357797115519,
        0.999420728705739,
        -0.033948882734202296,
        -0.2535315704809009,
        0.03344367142294476,
        0.9667488110213749
    ],
    "T": [
        -118.7702500051361,
        -80.52856587755666,
        58.33261072530971
    ],
    "distortion": [
        0.0,
        0.0,
        0.0,
        0.0,
        0.0
    ],
    "intrinsic": [
        972.4172874285894,
        0.0,
        628.0628250033749,
        0.0,
        969.8510737416493,
        727.7636842407722,
        0.0,
        0.0,
        1.0
    ],
    "resolution": [720, 1280]
}